{
	"voices": {
		"amy3": {
			"country": "GB",
			"language": "en",
			"gender": "F",
			"source": "polly",
			"arg": 1,
			"desc": "Amy (Polly)"
		},
		"allison1": {
			"country": "US",
			"language": "en",
			"gender": "F",
			"source": "cepstral",
			"arg": "Allison",
			"desc": "Allison (Cepstral)"
		},
			"allison_cepstral": {
			"country": "US",
			"language": "en",
			"gender": "F",
			"source": "cepstral",
			"arg": "Allison",
			"desc": "Allison (Cepstral)"
		},
		"amy_cepstral": {
			"country": "US",
			"language": "en",
			"gender": "F",
			"source": "cepstral",
			"arg": "Amy",
			"desc": "Amy (Cepstral)"
		},
		"belle": {
			"country": "US",
			"language": "en",
			"gender": "F",
			"source": "cepstral",
			"arg": "Belle",
			"desc": "Belle"
		},
		"callie": {
			"country": "US",
			"language": "en",
			"gender": "F",
			"source": "cepstral",
			"arg": "Callie",
			"desc": "Callie"
		},
		"charlie_cepstral": {
			"country": "US",
			"language": "en",
			"gender": "M",
			"source": "cepstral",
			"arg": "Charlie",
			"desc": "Charlie (Cepstral)"
		},
		"dallas": {
			"country": "US",
			"language": "en",
			"gender": "M",
			"source": "cepstral",
			"arg": "Dallas",
			"desc": "Dallas"
		},
		"damien": {
			"country": "US",
			"language": "en",
			"gender": "M",
			"source": "cepstral",
			"arg": "Damien",
			"desc": "Damien"
		},
		"david": {
			"country": "US",
			"language": "en",
			"gender": "M",
			"source": "cepstral",
			"arg": "David",
			"desc": "David"
		},
		"diane": {
			"country": "US",
			"language": "en",
			"gender": "F",
			"source": "cepstral",
			"arg": "Diane",
			"desc": "Diane"
		},
		"duchess": {
			"country": "US",
			"language": "en",
			"gender": "F",
			"source": "cepstral",
			"arg": "Duchess",
			"desc": "Duchess"
		},
		"duncan": {
			"country": "US",
			"language": "en",
			"gender": "M",
			"source": "cepstral",
			"arg": "Duncan",
			"desc": "Duncan"
		},
		"emily": {
			"country": "US",
			"language": "en",
			"gender": "F",
			"source": "cepstral",
			"arg": "Emily",
			"desc": "Emily"
		},
		"linda_cepstral": {
			"country": "US",
			"language": "en",
			"gender": "F",
			"source": "cepstral",
			"arg": "Linda",
			"desc": "Linda"
		},
		"robin": {
			"country": "US",
			"language": "en",
			"gender": "M",
			"source": "cepstral",
			"arg": "Robin",
			"desc": "Robin"
		},
    "allisontelephone": {
			"country": "US",
			"language": "en",
			"gender": "F",
			"source": "cepstralfast",
			"arg": "Allison-8kHz",
			"desc": "Allison (Telephony and high pitched because funny)"
		},
		"shouty": {
			"country": "US",
			"language": "en",
			"gender": "M",
			"source": "cepstral",
			"arg": "Shouty",
			"desc": "Shouty"
		},
		"walter": {
			"country": "US",
			"language": "en",
			"gender": "M",
			"source": "cepstral",
			"arg": "Walter",
			"desc": "Walter"
		},
		"william": {
			"country": "US",
			"language": "en",
			"gender": "M",
			"source": "cepstral",
			"arg": "William",
			"desc": "William"
		},
		"whispery": {
			"country": "US",
			"language": "en",
			"gender": "M",
			"source": "cepstral",
			"arg": "Whispery",
			"desc": "Whispery"
		},
		"lawrence": {
			"country": "GB",
			"language": "en",
			"gender": "M",
			"source": "cepstral",
			"arg": "Lawrence",
			"desc": "Lawrence"
		},
		"millie": {
			"country": "GB",
			"language": "en",
			"gender": "F",
			"source": "cepstral",
			"arg": "Millie",
			"desc": "Millie"
		},
		"vittoria": {
			"country": "IT",
			"language": "it",
			"gender": "F",
			"source": "cepstral",
			"arg": "Vittoria",
			"desc": "Vittoria"
		},
		"katrin_cepstral": {
			"country": "DE",
			"language": "de",
			"gender": "F",
			"source": "cepstral",
			"arg": "Katrin",
			"desc": "Katrin (Cepstral)"
		},
		"matthias": {
			"country": "DE",
			"language": "de",
			"gender": "M",
			"source": "cepstral",
			"arg": "Matthias",
			"desc": "Matthias"
		},
		"isabelle": {
			"country": "CA",
			"language": "fr",
			"gender": "F",
			"source": "cepstral",
			"arg": "Isabelle",
			"desc": "Isabelle"
		},
		"jean-pierre": {
			"country": "CA",
			"language": "fr",
			"gender": "M",
			"source": "cepstral",
			"arg": "Jean-Pierre",
			"desc": "Jean-Pierre"
		},
		"alejandra": {
			"country": "MX",
			"language": "es",
			"gender": "F",
			"source": "cepstral",
			"arg": "Alejandra",
			"desc": "Alejandra"
		},
		"miguel_cepstral": {
			"country": "MX",
			"language": "es",
			"gender": "M",
			"source": "cepstral",
			"arg": "Miguel",
			"desc": "Miguel (Cepstral)"
		},
		"matthias": {
			"country": "DE",
			"language": "de",
			"gender": "M",
			"source": "cepstral",
			"arg": "Matthias",
			"desc": "Matthias"
		},
		"laila": {
			"country": "SA",
			"language": "ar",
			"gender": "F",
			"arg": [2, 27, 2],
			"source": "vocalware",
			"desc": "Laila"
		},
		"tarik": {
			"country": "SA",
			"language": "ar",
			"gender": "M",
			"arg": [2, 27, 1],
			"source": "vocalware",
			"desc": "Tarik"
		},
		"maged": {
			"country": "SA",
			"language": "ar",
			"gender": "M",
			"arg": [4, 27, 1],
			"source": "vocalware",
			"desc": "Maged"
		},
		"empar": {
			"country": "ES",
			"language": "va",
			"gender": "F",
			"arg": [2, 5, 3],
			"source": "vocalware",
			"desc": "Empar"
		},
		"jordi": {
			"country": "ES",
			"language": "ca",
			"gender": "M",
			"arg": [2, 5, 2],
			"source": "vocalware",
			"desc": "Jordi"
		},
		"montserrat": {
			"country": "ES",
			"language": "ca",
			"gender": "F",
			"arg": [2, 5, 1],
			"source": "vocalware",
			"desc": "Montserrat"
		},
		"rosa": {
			"country": "MX",
			"language": "es",
			"gender": "F",
			"arg": [1, 2, 1],
			"source": "vocalware",
			"desc": "Rosa (AT&T)"
		},
		"alberto": {
			"country": "MX",
			"language": "es",
			"gender": "M",
			"arg": [1, 2, 2],
			"source": "vocalware",
			"desc": "Alberto"
		},
		"linlin": {
			"country": "CN",
			"language": "zh",
			"gender": "F",
			"arg": [2, 10, 1],
			"source": "vocalware",
			"desc": "Linlin"
		},
		"lisheng": {
			"country": "CN",
			"language": "zh",
			"gender": "F",
			"arg": [2, 10, 2],
			"source": "vocalware",
			"desc": "Lisheng"
		},
		"frida": {
			"country": "DK",
			"language": "da",
			"gender": "F",
			"arg": [2, 19, 1],
			"source": "vocalware",
			"desc": "Frida"
		},
		"magnus": {
			"country": "DK",
			"language": "da",
			"gender": "M",
			"arg": [2, 19, 2],
			"source": "vocalware",
			"desc": "Magnus"
		},
    "grace2": {
			"country": "US",
			"language": "en",
			"gender": "F",
			"source": "svox",
			"arg": "usenglishfemale",
			"desc": "Grace (SVOX)"
		},
		"saskia": {
			"country": "NL",
			"language": "nl",
			"gender": "F",
			"arg": [2, 11, 2],
			"source": "vocalware",
			"desc": "Saskia"
		},
		"willem": {
			"country": "NL",
			"language": "nl",
			"gender": "M",
			"arg": [2, 11, 1],
			"source": "vocalware",
			"desc": "Willem"
		},
		"klara": {
			"country": "DE",
			"language": "de",
			"gender": "F",
			"arg": [1, 3, 1],
			"source": "vocalware",
			"desc": "Klara"
		},
		"reiner": {
			"country": "DE",
			"language": "de",
			"gender": "M",
			"arg": [1, 3, 2],
			"source": "vocalware",
			"desc": "Reiner"
		},
		"alan": {
			"country": "AU",
			"language": "en",
			"gender": "M",
			"arg": [2, 1, 9],
			"source": "vocalware",
			"desc": "Alan"
		},
		"allison": {
			"country": "US",
			"language": "en",
			"gender": "F",
			"arg": [2, 1, 7],
			"source": "vocalware",
			"desc": "Allison (Oddcast)"
		},
		"catherine": {
			"country": "GB",
			"language": "en",
			"gender": "F",
			"arg": [2, 1, 6],
			"source": "vocalware",
			"desc": "Catherine"
		},
		"dave": {
			"country": "US",
			"language": "en",
			"gender": "M",
			"arg": [2, 1, 2],
			"source": "vocalware",
			"desc": "Dave"
		},
		"elizabeth": {
			"country": "GB",
			"language": "en",
			"gender": "F",
			"arg": [2, 1, 4],
			"source": "vocalware",
			"desc": "Elizabeth"
		},
		"grace": {
			"country": "GB",
			"language": "en",
			"gender": "F",
			"arg": [2, 1, 10],
			"source": "vocalware",
			"desc": "Grace"
		},
		"simon": {
			"country": "GB",
			"language": "en",
			"gender": "M",
			"arg": [2, 1, 5],
			"source": "vocalware",
			"desc": "Simon"
		},
		"steven": {
			"country": "US",
			"language": "en",
			"gender": "M",
			"arg": [2, 1, 8],
			"source": "vocalware",
			"desc": "Steven (OddCast)"
		},
		"kenneth": {
			"country": "US",
			"language": "en",
			"gender": "M",
			"arg": [2, 1, 3],
			"source": "vocalware",
			"desc": "Kenneth"
		},
		"susan1": {
			"country": "US",
			"language": "en",
			"gender": "F",
			"arg": [2, 1, 1],
			"source": "vocalware",
			"desc": "Susan"
		},
		"veena": {
			"country": "IN",
			"language": "en",
			"gender": "F",
			"arg": [2, 1, 11],
			"source": "vocalware",
			"desc": "Veena"
		},
		"crystal": {
			"country": "US",
			"language": "en",
			"gender": "F",
			"arg": [1, 1, 1],
			"source": "vocalware",
			"desc": "Crystal"
		},
		"mike": {
			"country": "US",
			"language": "en",
			"gender": "M",
			"arg": [1, 1, 2],
			"source": "vocalware",
			"desc": "Mike"
		},
		"claire1": {
			"country": "US",
			"language": "en",
			"gender": "F",
			"arg": [1, 1, 3],
			"source": "vocalware",
			"desc": "Claire"
		},
		"rich": {
			"country": "US",
			"language": "en",
			"gender": "M",
			"arg": [1, 1, 4],
			"source": "vocalware",
			"desc": "Rich"
		},
		"audrey": {
			"country": "GB",
			"language": "en",
			"gender": "F",
			"arg": [1, 1, 5],
			"source": "vocalware",
			"desc": "Audrey"
		},
		"charles": {
			"country": "GB",
			"language": "en",
			"gender": "M",
			"arg": [1, 1, 6],
			"source": "vocalware",
			"desc": "Charles"
		},
		"daniel": {
			"country": "GB",
			"language": "en",
			"gender": "M",
			"arg": [4, 1, 5],
			"source": "vocalware",
			"desc": "Daniel"
		},
		"fiona": {
			"country": "GB",
			"language": "en",
			"gender": "F",
			"arg": [4, 1, 12],
			"source": "vocalware",
			"desc": "Fiona"
		},
		"jackson": {
			"country": "AU",
			"language": "en",
			"gender": "M",
			"arg": [7, 1, 4],
			"source": "vocalware",
			"desc": "Jackson"
		},
		"jill": {
			"country": "US",
			"language": "en",
			"gender": "F",
			"arg": [4, 1, 2],
			"source": "vocalware",
			"desc": "Jill"
		},
		"karen": {
			"country": "AU",
			"language": "en",
			"gender": "F",
			"arg": [4, 1, 4],
			"source": "vocalware",
			"desc": "Karen (Oddcast)"
		},
		"lee": {
			"country": "AU",
			"language": "en",
			"gender": "M",
			"arg": [4, 1, 10],
			"source": "vocalware",
			"desc": "Lee"
		},
		"matilda": {
			"country": "AU",
			"language": "en",
			"gender": "F",
			"arg": [7, 1, 3],
			"source": "vocalware",
			"desc": "Matilda"
		},
		"moira": {
			"country": "IE",
			"language": "en",
			"gender": "F",
			"arg": [4, 1, 8],
			"source": "vocalware",
			"desc": "Moira"
		},
		"oliver": {
			"country": "GB",
			"language": "en",
			"gender": "M",
			"arg": [7, 1, 2],
			"source": "vocalware",
			"desc": "Oliver (Oddcast)"
		},
		"olivia": {
			"country": "GB",
			"language": "en",
			"gender": "F",
			"arg": [7, 1, 1],
			"source": "vocalware",
			"desc": "Olivia (Oddcast)"
		},
		"samantha1": {
			"country": "US",
			"language": "en",
			"gender": "F",
			"arg": [4, 1, 11],
			"source": "vocalware",
			"desc": "Samantha (Oddcast)"
		},
		"sangeeta": {
			"country": "IN",
			"language": "en",
			"gender": "F",
			"arg": [4, 1, 9],
			"source": "vocalware",
			"desc": "Sangeeta"
		},
		"serena": {
			"country": "GB",
			"language": "en",
			"gender": "F",
			"arg": [4, 1, 7],
			"source": "vocalware",
			"desc": "Serena"
		},
		"tessa": {
			"country": "ZA",
			"language": "en",
			"gender": "F",
			"arg": [4, 1, 13],
			"source": "vocalware",
			"desc": "Tessa"
		},
		"tom": {
			"country": "US",
			"language": "en",
			"gender": "M",
			"arg": [4, 1, 3],
			"source": "vocalware",
			"desc": "Tom"
		},
		"ludoviko": {
			"country": "EO",
			"language": "eo",
			"gender": "M",
			"arg": [2, 31, 1],
			"source": "vocalware",
			"desc": "Ludoviko"
		},
		"marko": {
			"country": "FI",
			"language": "fi",
			"gender": "M",
			"arg": [2, 23, 2],
			"source": "vocalware",
			"desc": "Marko"
		},
		"milla": {
			"country": "FI",
			"language": "fi",
			"gender": "F",
			"arg": [2, 23, 1],
			"source": "vocalware",
			"desc": "Milla"
		},
		"bernard": {
			"country": "FR",
			"language": "fr",
			"gender": "M",
			"arg": [2, 4, 2],
			"source": "vocalware",
			"desc": "Bernard"
		},
		"juliette": {
			"country": "FR",
			"language": "fr",
			"gender": "F",
			"arg": [1, 4, 1],
			"source": "vocalware",
			"desc": "Juliette"
		},
		"alain": {
			"country": "FR",
			"language": "fr",
			"gender": "M",
			"arg": [1, 4, 2],
			"source": "vocalware",
			"desc": "Alain"
		},
		"pierre": {
			"country": "CA",
			"language": "fr",
			"gender": "M",
			"arg": [1, 4, 3],
			"source": "vocalware",
			"desc": "Pierre"
		},
		"charlotte": {
			"country": "FR",
			"language": "fr",
			"gender": "F",
			"arg": [2, 4, 5],
			"source": "vocalware",
			"desc": "Charlotte"
		},
		"florence2": {
			"country": "FR",
			"language": "fr",
			"gender": "F",
			"arg": [2, 4, 4],
			"source": "vocalware",
			"desc": "Florence"
		},
		"jolie": {
			"country": "FR",
			"language": "fr",
			"gender": "F",
			"arg": [2, 4, 3],
			"source": "vocalware",
			"desc": "Jolie"
		},
		"olivier": {
			"country": "FR",
			"language": "fr",
			"gender": "M",
			"arg": [2, 4, 6],
			"source": "vocalware",
			"desc": "Olivier"
		},
		"carmela": {
			"country": "ES",
			"language": "gl",
			"gender": "F",
			"arg": [2, 15, 1],
			"source": "vocalware",
			"desc": "Carmela"
		},
		"katrin1": {
			"country": "DE",
			"language": "de",
			"gender": "F",
			"arg": [2, 3, 3],
			"source": "vocalware",
			"desc": "Katrin (Vocalware)"
		},
		"stefan": {
			"country": "DE",
			"language": "de",
			"gender": "M",
			"arg": [2, 3, 2],
			"source": "vocalware",
			"desc": "Stefan"
		},
		"afroditi": {
			"country": "EL",
			"language": "el",
			"gender": "F",
			"arg": [2, 8, 1],
			"source": "vocalware",
			"desc": "Afroditi"
		},
		"nikos": {
			"country": "EL",
			"language": "el",
			"gender": "M",
			"arg": [2, 8, 3],
			"source": "vocalware",
			"desc": "Nikos"
		},
		"federica": {
			"country": "IT",
			"language": "it",
			"gender": "F",
			"arg": [2, 7, 10],
			"source": "vocalware",
			"desc": "Federica"
		},
		"giulia": {
			"country": "IT",
			"language": "it",
			"gender": "F",
			"arg": [2, 7, 9],
			"source": "vocalware",
			"desc": "Giulia"
		},
		"luca": {
			"country": "IT",
			"language": "it",
			"gender": "M",
			"arg": [2, 7, 5],
			"source": "vocalware",
			"desc": "Luca"
		},
		"marcello": {
			"country": "IT",
			"language": "it",
			"gender": "M",
			"arg": [2, 7, 6],
			"source": "vocalware",
			"desc": "Marcello"
		},
		"matteo": {
			"country": "IT",
			"language": "it",
			"gender": "M",
			"arg": [2, 7, 8],
			"source": "vocalware",
			"desc": "Matteo"
		},
		"paola": {
			"country": "IT",
			"language": "it",
			"gender": "F",
			"arg": [2, 7, 1],
			"source": "vocalware",
			"desc": "Paola"
		},
		"raffaele": {
			"country": "IT",
			"language": "it",
			"gender": "M",
			"arg": [2, 7, 7],
			"source": "vocalware",
			"desc": "Raffaele"
		},
		"silvana": {
			"country": "IT",
			"language": "it",
			"gender": "F",
			"arg": [2, 7, 2],
			"source": "vocalware",
			"desc": "Silvana"
		},
		"valentina": {
			"country": "IT",
			"language": "it",
			"gender": "F",
			"arg": [2, 7, 3],
			"source": "vocalware",
			"desc": "Valentina"
		},
		"henrik": {
			"country": "NO",
			"language": "no",
			"gender": "M",
			"arg": [2, 20, 2],
			"source": "vocalware",
			"desc": "Henrik"
		},
		"vilde": {
			"country": "NO",
			"language": "no",
			"gender": "F",
			"arg": [2, 20, 1],
			"source": "vocalware",
			"desc": "Vilde"
		},
		"krzysztof": {
			"country": "PL",
			"language": "pl",
			"gender": "M",
			"arg": [2, 14, 2],
			"source": "vocalware",
			"desc": "Krzysztof"
		},
		"zosia": {
			"country": "PL",
			"language": "pl",
			"gender": "F",
			"arg": [2, 14, 1],
			"source": "vocalware",
			"desc": "Zosia"
		},
		"amalia": {
			"country": "PT",
			"language": "pt",
			"gender": "F",
			"arg": [2, 6, 2],
			"source": "vocalware",
			"desc": "Amalia"
		},
		"eusebio": {
			"country": "PT",
			"language": "pt",
			"gender": "M",
			"arg": [2, 6, 3],
			"source": "vocalware",
			"desc": "Eusebio"
		},
		"ioana": {
			"country": "RO",
			"language": "ro",
			"gender": "F",
			"arg": [2, 30, 1],
			"source": "vocalware",
			"desc": "Ioana"
		},
		"dmitri": {
			"country": "RU",
			"language": "ru",
			"gender": "M",
			"arg": [2, 21, 2],
			"source": "vocalware",
			"desc": "Dmitri"
		},
		"olga": {
			"country": "RU",
			"language": "ru",
			"gender": "F",
			"arg": [2, 21, 1],
			"source": "vocalware",
			"desc": "Olga"
		},
		"carlos": {
			"country": "US",
			"language": "es",
			"gender": "M",
			"arg": [2, 2, 7],
			"source": "vocalware",
			"desc": "Carlos"
		},
		"carmen1": {
			"country": "ES",
			"language": "es",
			"gender": "F",
			"arg": [2, 2, 1],
			"source": "vocalware",
			"desc": "Carmen"
		},
		"diego": {
			"country": "AR",
			"language": "es",
			"gender": "M",
			"arg": [2, 2, 4],
			"source": "vocalware",
			"desc": "Diego"
		},
		"esperanza": {
			"country": "MX",
			"language": "es",
			"gender": "F",
			"arg": [2, 2, 5],
			"source": "vocalware",
			"desc": "Esperanza"
		},
		"francisca": {
			"country": "ES",
			"language": "es",
			"gender": "F",
			"arg": [2, 2, 3],
			"source": "vocalware",
			"desc": "Francisca"
		},
		"jorge": {
			"country": "ES",
			"language": "es",
			"gender": "M",
			"arg": [2, 2, 6],
			"source": "vocalware",
			"desc": "Jorge"
		},
		"juan": {
			"country": "ES",
			"language": "es",
			"gender": "M",
			"arg": [2, 2, 2],
			"source": "vocalware",
			"desc": "Juan"
		},
		"leonor": {
			"country": "ES",
			"language": "es",
			"gender": "F",
			"arg": [2, 2, 9],
			"source": "vocalware",
			"desc": "Leonor"
		},
		"soledad": {
			"country": "US",
			"language": "es",
			"gender": "F",
			"arg": [2, 2, 8],
			"source": "vocalware",
			"desc": "Soledad"
		},
		"ximena": {
			"country": "ES",
			"language": "es",
			"gender": "F",
			"arg": [2, 2, 10],
			"source": "vocalware",
			"desc": "Ximena"
		},
		"annika": {
			"country": "SE",
			"language": "sv",
			"gender": "F",
			"arg": [2, 9, 1],
			"source": "vocalware",
			"desc": "Annika"
		},
		"sven": {
			"country": "SE",
			"language": "sv",
			"gender": "M",
			"arg": [2, 9, 2],
			"source": "vocalware",
			"desc": "Sven"
		},
		"kerem": {
			"country": "TR",
			"language": "tr",
			"gender": "M",
			"arg": [2, 16, 1],
			"source": "vocalware",
			"desc": "Kerem"
		},
		"selin": {
			"country": "TR",
			"language": "tr",
			"gender": "F",
			"arg": [2, 16, 3],
			"source": "vocalware",
			"desc": "Selin"
		},
		"zeynep": {
			"country": "TR",
			"language": "tr",
			"gender": "F",
			"arg": [2, 16, 2],
			"source": "vocalware",
			"desc": "Zeynep"
		},
		"hui": {
			"country": "CN",
			"language": "zh",
			"gender": "F",
			"arg": [3, 10, 3],
			"source": "vocalware",
			"desc": "Hui"
		},
		"kaho": {
			"country": "CN",
			"language": "zh",
			"gender": "M",
			"arg": [3, 10, 6],
			"source": "vocalware",
			"desc": "Kaho"
		},
		"kayan": {
			"country": "CN",
			"language": "zh",
			"gender": "F",
			"arg": [3, 10, 7],
			"source": "vocalware",
			"desc": "Kayan"
		},
		"kiang": {
			"country": "CN",
			"language": "zh",
			"gender": "M",
			"arg": [3, 10, 5],
			"source": "vocalware",
			"desc": "Kiang"
		},
		"liang": {
			"country": "CN",
			"language": "zh",
			"gender": "M",
			"arg": [3, 10, 4],
			"source": "vocalware",
			"desc": "Liang"
		},
		"yafang": {
			"country": "TW",
			"language": "zh",
			"gender": "F",
			"arg": [3, 10, 8],
			"source": "vocalware",
			"desc": "Yafang"
		},
		"brenda": {
			"country": "US",
			"language": "en",
			"gender": "F",
			"arg": [7, 1, 7],
			"source": "vocalware",
			"desc": "Brenda"
		},
		"lakshmi": {
			"country": "IN",
			"language": "en",
			"gender": "F",
			"arg": [7, 1, 5],
			"source": "vocalware",
			"desc": "Lakshmi"
		},
		"prashant": {
			"country": "IN",
			"language": "en",
			"gender": "M",
			"arg": [7, 1, 6],
			"source": "vocalware",
			"desc": "Prashant"
		},
		"ashley": {
			"country": "US",
			"language": "en",
			"gender": "F",
			"arg": [3, 1, 6],
			"source": "vocalware",
			"desc": "Ashley"
		},
		"beth": {
			"country": "US",
			"language": "en",
			"gender": "F",
			"arg": [3, 1, 8],
			"source": "vocalware",
			"desc": "Beth"
		},
		"bridget": {
			"country": "GB",
			"language": "en",
			"gender": "F",
			"arg": [3, 1, 4],
			"source": "vocalware",
			"desc": "Bridget"
		},
		"hugh": {
			"country": "GB",
			"language": "en",
			"gender": "M",
			"arg": [3, 1, 5],
			"source": "vocalware",
			"desc": "Hugh"
		},
		"james": {
			"country": "US",
			"language": "en",
			"gender": "M",
			"arg": [3, 1, 7],
			"source": "vocalware",
			"desc": "James"
		},
		"julie": {
			"country": "US",
			"language": "en",
			"gender": "F",
			"arg": [3, 1, 3],
			"source": "vocalware",
			"desc": "Julie"
		},
		"kate": {
			"country": "US",
			"language": "en",
			"gender": "F",
			"arg": [3, 1, 1],
			"source": "vocalware",
			"desc": "Kate (Oddcast)"
		},
		"paul": {
			"country": "US",
			"language": "en",
			"gender": "M",
			"arg": [3, 1, 2],
			"source": "vocalware",
			"desc": "Paul"
		},
		"chloe1": {
			"country": "CA",
			"language": "fr",
			"gender": "F",
			"arg": [3, 4, 1],
			"source": "vocalware",
			"desc": "Chloe (Vocalware)"
		},
		"leo": {
			"country": "CA",
			"language": "fr",
			"gender": "M",
			"arg": [3, 4, 2],
			"source": "vocalware",
			"desc": "Leo"
		},
		"louis": {
			"country": "FR",
			"language": "fr",
			"gender": "M",
			"arg": [3, 4, 4],
			"source": "vocalware",
			"desc": "Louis"
		},
		"roxane": {
			"country": "FR",
			"language": "fr",
			"gender": "F",
			"arg": [3, 4, 3],
			"source": "vocalware",
			"desc": "Roxane"
		},
		"lena": {
			"country": "DE",
			"language": "de",
			"gender": "F",
			"arg": [3, 3, 1],
			"source": "vocalware",
			"desc": "Lena"
		},
		"tim": {
			"country": "DE",
			"language": "de",
			"gender": "M",
			"arg": [3, 3, 2],
			"source": "vocalware",
			"desc": "Tim"
		},
		"elisa": {
			"country": "IT",
			"language": "it",
			"gender": "F",
			"arg": [3, 7, 1],
			"source": "vocalware",
			"desc": "Elisa"
		},
		"roberto": {
			"country": "IT",
			"language": "it",
			"gender": "M",
			"arg": [3, 7, 2],
			"source": "vocalware",
			"desc": "Roberto"
		},
		"haruka": {
			"country": "JP",
			"language": "ja",
			"gender": "F",
			"arg": [3, 12, 6],
			"source": "vocalware",
			"desc": "Haruka"
		},
		"hikari": {
			"country": "JP",
			"language": "ja",
			"gender": "F",
			"arg": [3, 12, 5],
			"source": "vocalware",
			"desc": "Hikari"
		},
		"misaki": {
			"country": "JP",
			"language": "ja",
			"gender": "F",
			"arg": [3, 12, 3],
			"source": "vocalware",
			"desc": "Misaki"
		},
		"ryo": {
			"country": "JP",
			"language": "ja",
			"gender": "M",
			"arg": [3, 12, 7],
			"source": "vocalware",
			"desc": "Ryo"
		},
		"sayaka": {
			"country": "JP",
			"language": "ja",
			"gender": "F",
			"arg": [3, 12, 4],
			"source": "vocalware",
			"desc": "Sayaka"
		},
		"show": {
			"country": "JP",
			"language": "ja",
			"gender": "M",
			"arg": [3, 12, 2],
			"source": "vocalware",
			"desc": "Show"
		},
		"takeru": {
			"country": "JP",
			"language": "ja",
			"gender": "M",
			"arg": [3, 12, 8],
			"source": "vocalware",
			"desc": "Takeru"
		},
		"dayoung": {
			"country": "KO",
			"language": "ko",
			"gender": "F",
			"arg": [3, 13, 7],
			"source": "vocalware",
			"desc": "Dayoung"
		},
		"hyeryun": {
			"country": "KO",
			"language": "ko",
			"gender": "F",
			"arg": [3, 13, 4],
			"source": "vocalware",
			"desc": "Hyeryun"
		},
		"hyuna": {
			"country": "KO",
			"language": "ko",
			"gender": "F",
			"arg": [3, 13, 8],
			"source": "vocalware",
			"desc": "Hyuna"
		},
		"jihun": {
			"country": "KO",
			"language": "ko",
			"gender": "M",
			"arg": [3, 13, 10],
			"source": "vocalware",
			"desc": "Jihun"
		},
		"jimin": {
			"country": "KO",
			"language": "ko",
			"gender": "F",
			"arg": [3, 13, 5],
			"source": "vocalware",
			"desc": "Jimin"
		},
		"junwoo": {
			"country": "KO",
			"language": "ko",
			"gender": "M",
			"arg": [3, 13, 2],
			"source": "vocalware",
			"desc": "Junwoo"
		},
		"sena": {
			"country": "KO",
			"language": "ko",
			"gender": "F",
			"arg": [3, 13, 6],
			"source": "vocalware",
			"desc": "Sena"
		},
		"yumi": {
			"country": "KO",
			"language": "ko",
			"gender": "F",
			"arg": [3, 13, 1],
			"source": "vocalware",
			"desc": "Yumi"
		},
		"yura": {
			"country": "KO",
			"language": "ko",
			"gender": "F",
			"arg": [3, 13, 9],
			"source": "vocalware",
			"desc": "Yura"
		},
		"helena": {
			"country": "BR",
			"language": "pt",
			"gender": "F",
			"arg": [3, 6, 1],
			"source": "vocalware",
			"desc": "Helena"
		},
		"rafael": {
			"country": "BR",
			"language": "pt",
			"gender": "M",
			"arg": [3, 6, 2],
			"source": "vocalware",
			"desc": "Rafael"
		},
		"francisco": {
			"country": "MX",
			"language": "es",
			"gender": "M",
			"arg": [3, 2, 2],
			"source": "vocalware",
			"desc": "Francisco"
		},
		"gloria": {
			"country": "MX",
			"language": "es",
			"gender": "F",
			"arg": [3, 2, 3],
			"source": "vocalware",
			"desc": "Gloria"
		},
		"lola": {
			"country": "ES",
			"language": "es",
			"gender": "F",
			"arg": [3, 2, 4],
			"source": "vocalware",
			"desc": "Lola"
		},
		"manuel": {
			"country": "ES",
			"language": "es",
			"gender": "M",
			"arg": [3, 2, 5],
			"source": "vocalware",
			"desc": "Manuel"
		},
		"violeta": {
			"country": "ES",
			"language": "es",
			"gender": "F",
			"arg": [3, 2, 1],
			"source": "vocalware",
			"desc": "Violeta"
		},
		"sarawut": {
			"country": "TH",
			"language": "th",
			"gender": "M",
			"arg": [3, 26, 1],
			"source": "vocalware",
			"desc": "Sarawut"
		},
		"somsi": {
			"country": "TH",
			"language": "th",
			"gender": "F",
			"arg": [3, 26, 2],
			"source": "vocalware",
			"desc": "Somsi"
		},
		"eric": {
			"country": "US",
			"language": "en",
			"gender": "M",
			"source": "pollyold",
			"arg": "/english/american/3-male-voice-eric.html",
			"desc": "Eric"
		},
		"jennifer": {
			"country": "US",
			"language": "en",
			"gender": "F",
			"source": "readloud",
			"arg": "Jennifer",
			"desc": "Jennifer"
		},
		"skippy": {
			"country": "US",
			"language": "en",
			"gender": "M",
			"source": "polly",
			"arg": "/english/american/49-funny-toy-voice-skippy-the-chipmunk.html",
			"desc": "Skippy"
		},
		"ivy1": {
			"country": "US",
			"language": "en",
			"gender": "F",
			"source": "readloud",
			"arg": "/english/american/25-child-s-girl-voice-ivy.html",
			"desc": "Ivy (Old)"
		},
		"joey1": {
			"country": "US",
			"language": "en",
			"gender": "M",
			"source": "pollyold",
			"arg": "/english/american/29-male-voice-joey.html",
			"desc": "Joey (Old)"
		},
		"brian1": {
			"country": "GB",
			"language": "en",
			"gender": "M",
			"source": "readloud",
			"arg": "/english/british/1-male-voice-brian.html",
			"desc": "Brian (Old)"
		},
		"kimberly1": {
			"country": "US",
			"language": "en",
			"gender": "F",
			"source": "readloud",
			"arg": "/english/american/33-female-voice-kimberly.html",
			"desc": "Kimberly (Old)"
		},
		"kendra1": {
			"country": "US",
			"language": "en",
			"gender": "F",
			"source": "readloud",
			"arg": "/english/american/32-female-voice-kendra.html",
			"desc": "Kendra (Old)"
		},
		"amy4": {
			"country": "GB",
			"language": "en",
			"gender": "F",
			"source": "readloud",
			"arg": "/english/british/5-male-voice-amy.html",
			"desc": "Amy (Old, Polly)"
		},
		"emma2": {
			"country": "GB",
			"language": "en",
			"gender": "F",
			"source": "readloud",
			"arg": "/english/british/17-female-voice-emma.html",
			"desc": "Emma (Old, Polly)"
		},
		"justin1": {
			"country": "US",
			"language": "en",
			"gender": "M",
			"source": "readloud",
			"arg": "/english/american/30-child-s-boy-voice-justin.html",
			"desc": "Justin (Old)"
		},
		"filiz": {
			"country": "TR",
			"language": "tr",
			"gender": "F",
			"source": "readloud",
			"arg": "/turkish/20-kadın-sesi-filiz.html",
			"desc": "Filiz"
		},
		"ada1": {
			"country": "NL",
			"language": "nl",
			"gender": "F",
			"source": "cereproc",
			"arg": "Ada",
			"desc": "Ada"
		},
		"ada": {
			"country": "NL",
			"language": "nl",
			"gender": "F",
			"source": "cereproc",
			"arg": "Ada-CereWave",
			"desc": "Ada (CereWave)"
		},
		"adam1": {
			"country": "US",
			"language": "en",
			"gender": "M",
			"source": "cereproc",
			"arg": "Adam",
			"desc": "Adam"
		},
		"adam": {
			"country": "US",
			"language": "en",
			"gender": "M",
			"source": "cereproc",
			"arg": "Adam-CereWave",
			"desc": "Adam (CereWave)"
		},
		"alex1": {
			"country": "DE",
			"language": "de",
			"gender": "M",
			"source": "cereproc",
			"arg": "Alex",
			"desc": "Alex"
		},
		"alex": {
			"country": "DE",
			"language": "de",
			"gender": "M",
			"source": "cereproc",
			"arg": "Alex-CereWave",
			"desc": "Alex (CereWave)"
		},
		"amy1": {
			"country": "GB",
			"language": "en",
			"gender": "F",
			"source": "cereproc",
			"arg": "Amy",
			"desc": "Amy"
		},
		"amy": {
			"country": "GB",
			"language": "en",
			"gender": "F",
			"source": "cereproc",
			"arg": "Amy-CereWave",
			"desc": "Amy (CereWave)"
		},
		"ana1": {
			"country": "US",
			"language": "es",
			"gender": "F",
			"source": "cereproc",
			"arg": "Ana",
			"desc": "Ana"
		},
		"ana": {
			"country": "US",
			"language": "es",
			"gender": "F",
			"source": "cereproc",
			"arg": "Ana-CereWave",
			"desc": "Ana (CereWave)"
		},
		"andrew1": {
			"country": "GB",
			"language": "en",
			"gender": "M",
			"source": "cereproc",
			"arg": "Andrew",
			"desc": "Andrew"
		},
		"andrew": {
			"country": "GB",
			"language": "en",
			"gender": "M",
			"source": "cereproc",
			"arg": "Andrew-CereWave",
			"desc": "Andrew (CereWave)"
		},
		"andy1": {
			"country": "US",
			"language": "en",
			"gender": "M",
			"source": "cereproc",
			"arg": "Andy",
			"desc": "Andy"
		},
		"andy": {
			"country": "US",
			"language": "en",
			"gender": "M",
			"source": "cereproc",
			"arg": "Andy-CereWave",
			"desc": "Andy (CereWave)"
		},
		"avrora1": {
			"country": "RU",
			"language": "ru",
			"gender": "F",
			"source": "cereproc",
			"arg": "Avrora",
			"desc": "Avrora"
		},
		"avrora": {
			"country": "RU",
			"language": "ru",
			"gender": "F",
			"source": "cereproc",
			"arg": "Avrora-CereWave",
			"desc": "Avrora (CereWave)"
		},
		"caitlin1": {
			"country": "IE",
			"language": "en",
			"gender": "F",
			"source": "cereproc",
			"arg": "Caitlin",
			"desc": "Caitlin"
		},
		"caitlin": {
			"country": "IE",
			"language": "en",
			"gender": "F",
			"source": "cereproc",
			"arg": "Caitlin-CereWave",
			"desc": "Caitlin (CereWave)"
		},
		"carolyn1": {
			"country": "US",
			"language": "en",
			"gender": "F",
			"source": "cereproc",
			"arg": "Carolyn",
			"desc": "Carolyn"
		},
		"carolyn": {
			"country": "US",
			"language": "en",
			"gender": "F",
			"source": "cereproc",
			"arg": "Carolyn-CereWave",
			"desc": "Carolyn (CereWave)"
		},
		"ceitidh1": {
			"country": "GB",
			"language": "gd",
			"gender": "F",
			"source": "cereproc",
			"arg": "Ceitidh",
			"desc": "Ceitidh"
		},
		"ceitidh": {
			"country": "GB",
			"language": "gd",
			"gender": "F",
			"source": "cereproc",
			"arg": "Ceitidh-CereWave",
			"desc": "Ceitidh (CereWave)"
		},
		"claire": {
			"country": "GB",
			"language": "en",
			"gender": "F",
			"source": "cereproc",
			"arg": "Claire",
			"desc": "Claire"
		},
		"daria1": {
			"country": "ro",
			"language": "ro",
			"gender": "F",
			"source": "cereproc",
			"arg": "Daria",
			"desc": "Daria"
		},
		"daria": {
			"country": "ro",
			"language": "ro",
			"gender": "F",
			"source": "cereproc",
			"arg": "Daria-CereWave",
			"desc": "Daria (CereWave)"
		},
		"demon": {
			"country": "GB",
			"language": "en",
			"gender": "M",
			"source": "cereproc",
			"arg": "Demon",
			"desc": "Demon"
		},
		"dodo": {
			"country": "GB",
			"language": "en",
			"gender": "M",
			"source": "cereproc",
			"arg": "Dodo",
			"desc": "Dodo"
		},
		"florence1": {
			"country": "CA",
			"language": "fr",
			"gender": "F",
			"source": "cereproc",
			"arg": "Florence",
			"desc": "Florence"
		},
		"florence": {
			"country": "CA",
			"language": "fr",
			"gender": "F",
			"source": "cereproc",
			"arg": "Florence-CereWave",
			"desc": "Florence (CereWave)"
		},
		"gabriel": {
			"country": "BR",
			"language": "pt",
			"gender": "M",
			"source": "cereproc",
			"arg": "Gabriel",
			"desc": "Gabriel"
		},
		"gabriel1": {
			"country": "BR",
			"language": "pt",
			"gender": "M",
			"source": "cereproc",
			"arg": "Gabriel-CereWave",
			"desc": "Gabriel (CereWave)"
		},
		"ghost": {
			"country": "US",
			"language": "en",
			"gender": "M",
			"source": "cereproc",
			"arg": "Ghost",
			"desc": "Ghost"
		},
		"giles1": {
			"country": "GB",
			"language": "en",
			"gender": "M",
			"source": "cereproc",
			"arg": "Giles",
			"desc": "Giles"
		},
		"giles": {
			"country": "GB",
			"language": "en",
			"gender": "M",
			"source": "cereproc",
			"arg": "Giles-CereWave",
			"desc": "Giles (CereWave)"
		},
		"goblin": {
			"country": "GB",
			"language": "en",
			"gender": "M",
			"source": "cereproc",
			"arg": "Goblin",
			"desc": "Goblin"
		},
		"gudrun1": {
			"country": "DE",
			"language": "de",
			"gender": "F",
			"source": "cereproc",
			"arg": "Gudrun",
			"desc": "Gudrun"
		},
		"gudrun": {
			"country": "DE",
			"language": "de",
			"gender": "F",
			"source": "cereproc",
			"arg": "Gudrun-CereWave",
			"desc": "Gudrun (CereWave)"
		},
		"hannah1": {
			"country": "US",
			"language": "en",
			"gender": "F",
			"source": "cereproc",
			"arg": "Hannah",
			"desc": "Hannah"
		},
		"hannah": {
			"country": "US",
			"language": "en",
			"gender": "F",
			"source": "cereproc",
			"arg": "Hannah-CereWave",
			"desc": "Hannah (CereWave)"
		},
		"heather1": {
			"country": "GB",
			"language": "en",
			"gender": "F",
			"source": "cereproc",
			"arg": "Heather",
			"desc": "Heather"
		},
		"heather": {
			"country": "GB",
			"language": "en",
			"gender": "F",
			"source": "cereproc",
			"arg": "Heather-CereWave",
			"desc": "Heather (CereWave)"
		},
		"isabella1": {
			"country": "US",
			"language": "en",
			"gender": "F",
			"source": "cereproc",
			"arg": "Isabella",
			"desc": "Isabella"
		},
		"isabella": {
			"country": "US",
			"language": "en",
			"gender": "F",
			"source": "cereproc",
			"arg": "Isabella-CereWave",
			"desc": "Isabella (CereWave)"
		},
		"jack1": {
			"country": "GB",
			"language": "en",
			"gender": "M",
			"source": "cereproc",
			"arg": "Jack",
			"desc": "Jack"
		},
		"jack": {
			"country": "GB",
			"language": "en",
			"gender": "M",
			"source": "cereproc",
			"arg": "Jack-CereWave",
			"desc": "Jack (CereWave)"
		},
		"jess1": {
			"country": "GB",
			"language": "en",
			"gender": "F",
			"source": "cereproc",
			"arg": "Jess",
			"desc": "Jess"
		},
		"jess": {
			"country": "GB",
			"language": "en",
			"gender": "F",
			"source": "cereproc",
			"arg": "Jess-CereWave",
			"desc": "Jess (CereWave)"
		},
		"jordan1": {
			"country": "US",
			"language": "en",
			"gender": "M",
			"source": "cereproc",
			"arg": "Jordan",
			"desc": "Jordan"
		},
		"jordan": {
			"country": "US",
			"language": "en",
			"gender": "M",
			"source": "cereproc",
			"arg": "Jordan-CereWave",
			"desc": "Jordan (CereWave)"
		},
		"katherine1": {
			"country": "US",
			"language": "en",
			"gender": "F",
			"source": "cereproc",
			"arg": "Katherine",
			"desc": "Katherine"
		},
		"katherine": {
			"country": "US",
			"language": "en",
			"gender": "F",
			"source": "cereproc",
			"arg": "Katherine-CereWave",
			"desc": "Katherine (CereWave)"
		},
		"kirsty1": {
			"country": "GB",
			"language": "en",
			"gender": "F",
			"source": "cereproc",
			"arg": "Kirsty",
			"desc": "Kirsty"
		},
		"kirsty": {
			"country": "GB",
			"language": "en",
			"gender": "F",
			"source": "cereproc",
			"arg": "Kirsty-CereWave",
			"desc": "Kirsty (CereWave)"
		},
		"laura1": {
			"country": "IT",
			"language": "it",
			"gender": "F",
			"source": "cereproc",
			"arg": "Laura",
			"desc": "Laura"
		},
		"laura": {
			"country": "IT",
			"language": "it",
			"gender": "F",
			"source": "cereproc",
			"arg": "Laura-CereWave",
			"desc": "Laura (CereWave)"
		},
		"lauren1": {
			"country": "GB",
			"language": "en",
			"gender": "F",
			"source": "cereproc",
			"arg": "Lauren",
			"desc": "Lauren"
		},
		"lauren": {
			"country": "GB",
			"language": "en",
			"gender": "M",
			"source": "cereproc",
			"arg": "Lauren-CereWave",
			"desc": "Lauren (CereWave)"
		},
		"laurent1": {
			"country": "FR",
			"language": "fr",
			"gender": "M",
			"source": "cereproc",
			"arg": "Laurent",
			"desc": "Laurent"
		},
		"laurent": {
			"country": "FR",
			"language": "fr",
			"gender": "F",
			"source": "cereproc",
			"arg": "Laurent-CereWave",
			"desc": "Laurent (CereWave)"
		},
		"leopold1": {
			"country": "AT",
			"language": "de",
			"gender": "M",
			"source": "cereproc",
			"arg": "Leopold",
			"desc": "Leopold"
		},
		"leopold": {
			"country": "AT",
			"language": "de",
			"gender": "M",
			"source": "cereproc",
			"arg": "Leopold-CereWave",
			"desc": "Leopold (CereWave)"
		},
		"lucia1": {
			"country": "PT",
			"language": "pt",
			"gender": "F",
			"source": "cereproc",
			"arg": "Lucia",
			"desc": "Lucia"
		},
		"lucia": {
			"country": "PT",
			"language": "pt",
			"gender": "F",
			"source": "cereproc",
			"arg": "Lucia-CereWave",
			"desc": "Lucia (CereWave)"
		},
		"mailin": {
			"country": "CN",
			"language": "zh",
			"gender": "F",
			"source": "cereproc",
			"arg": "Mailin-CereWave",
			"desc": "Mailin (CereWave)"
		},
		"mairi1": {
			"country": "GB",
			"language": "en",
			"gender": "F",
			"source": "cereproc",
			"arg": "Mairi",
			"desc": "Mairi"
		},
		"mairi": {
			"country": "GB",
			"language": "en",
			"gender": "F",
			"source": "cereproc",
			"arg": "Mairi-CereWave",
			"desc": "Mairi (CereWave)"
		},
		"megan1": {
			"country": "US",
			"language": "en",
			"gender": "F",
			"source": "cereproc",
			"arg": "Megan",
			"desc": "Megan"
		},
		"megan": {
			"country": "US",
			"language": "en",
			"gender": "F",
			"source": "cereproc",
			"arg": "Megan-CereWave",
			"desc": "Megan (CereWave)"
		},
		"nathan1": {
			"country": "US",
			"language": "en",
			"gender": "M",
			"source": "cereproc",
			"arg": "Nathan",
			"desc": "Nathan"
		},
		"nathan": {
			"country": "US",
			"language": "en",
			"gender": "M",
			"source": "cereproc",
			"arg": "Nathan-CereWave",
			"desc": "Nathan (CereWave)"
		},
		"nicole1": {
			"country": "FR",
			"language": "fr",
			"gender": "F",
			"source": "cereproc",
			"arg": "Nicole",
			"desc": "Nicole"
		},
		"nicole2": {
			"country": "FR",
			"language": "fr",
			"gender": "F",
			"source": "cereproc",
			"arg": "Nicole-CereWave",
			"desc": "Nicole (CereWave)"
		},
		"peig1": {
			"country": "IE",
			"language": "gl",
			"gender": "F",
			"source": "cereproc",
			"arg": "Peig",
			"desc": "Peig"
		},
		"peig": {
			"country": "IE",
			"language": "gl",
			"gender": "F",
			"source": "cereproc",
			"arg": "Peig-CereWave",
			"desc": "Peig (CereWave)"
		},
		"pixie": {
			"country": "GB",
			"language": "en",
			"gender": "F",
			"source": "cereproc",
			"arg": "Pixie",
			"desc": "Pixie"
		},
		"pola1": {
			"country": "PL",
			"language": "pl",
			"gender": "F",
			"source": "cereproc",
			"arg": "Pola",
			"desc": "Pola"
		},
		"pola": {
			"country": "PL",
			"language": "pl",
			"gender": "F",
			"source": "cereproc",
			"arg": "Pola-CereWave",
			"desc": "Pola (CereWave)"
		},
		"rita1": {
			"country": "ES",
			"language": "ca",
			"gender": "F",
			"source": "cereproc",
			"arg": "Rita",
			"desc": "Rita"
		},
		"rita": {
			"country": "ES",
			"language": "ca",
			"gender": "F",
			"source": "cereproc",
			"arg": "Rita-CereWave",
			"desc": "Rita (CereWave)"
		},
		"robot": {
			"country": "GB",
			"language": "en",
			"gender": "M",
			"source": "cereproc",
			"arg": "Robot",
			"desc": "Robot"
		},
		"sara1": {
			"country": "ES",
			"language": "es",
			"gender": "F",
			"source": "cereproc",
			"arg": "Sara",
			"desc": "Sara"
		},
		"sara": {
			"country": "ES",
			"language": "es",
			"gender": "F",
			"source": "cereproc",
			"arg": "Sara-CereWave",
			"desc": "Sara (CereWave)"
		},
		"sarah1": {
			"country": "GB",
			"language": "en",
			"gender": "F",
			"source": "cereproc",
			"arg": "Sarah",
			"desc": "Sarah"
		},
		"sarah": {
			"country": "GB",
			"language": "en",
			"gender": "F",
			"source": "cereproc",
			"arg": "Sarah-CereWave",
			"desc": "Sarah (CereWave)"
		},
		"stuart1": {
			"country": "GB",
			"language": "en",
			"gender": "M",
			"source": "cereproc",
			"arg": "Stuart",
			"desc": "Stuart"
		},
		"stuart": {
			"country": "GB",
			"language": "en",
			"gender": "M",
			"source": "cereproc",
			"arg": "Stuart-CereWave",
			"desc": "Stuart (CereWave)"
		},
		"sue1": {
			"country": "GB",
			"language": "en",
			"gender": "F",
			"source": "cereproc",
			"arg": "Sue",
			"desc": "Sue"
		},
		"sue": {
			"country": "GB",
			"language": "en",
			"gender": "F",
			"source": "cereproc",
			"arg": "Sue-CereWave",
			"desc": "Sue (CereWave)"
		},
		"suzanne1": {
			"country": "FR",
			"language": "fr",
			"gender": "F",
			"source": "cereproc",
			"arg": "Suzanne",
			"desc": "Suzanne"
		},
		"suzanne": {
			"country": "FR",
			"language": "fr",
			"gender": "F",
			"source": "cereproc",
			"arg": "Suzanne-CereWave",
			"desc": "Suzanne (CereWave)"
		},
		"william1": {
			"country": "GB",
			"language": "en",
			"gender": "M",
			"source": "cereproc",
			"arg": "William",
			"desc": "William"
		},
		"william": {
			"country": "GB",
			"language": "en",
			"gender": "M",
			"source": "cereproc",
			"arg": "William-CereWave",
			"desc": "William (CereWave)"
		},
		"ylva1": {
			"country": "SE",
			"language": "sv",
			"gender": "F",
			"source": "cereproc",
			"arg": "Ylva",
			"desc": "Ylva"
		},
		"ylva": {
			"country": "SE",
			"language": "sv",
			"gender": "F",
			"source": "cereproc",
			"arg": "Ylva-CereWave",
			"desc": "Ylva (CereWave)"
		},
		"yuki1": {
			"country": "JP",
			"language": "ja",
			"gender": "F",
			"source": "cereproc",
			"arg": "Yuki",
			"desc": "Yuki"
		},
		"yuki": {
			"country": "JP",
			"language": "ja",
			"gender": "F",
			"source": "cereproc",
			"arg": "Yuki-CereWave",
			"desc": "Yuki (CereWave)"
		},
		"matthew": {
			"country": "US",
			"language": "en",
			"gender": "M",
			"source": "nextup",
			"arg": "Matthew",
			"desc": "Matthew"
		},
		"joanna": {
			"country": "US",
			"language": "en",
			"gender": "F",
			"source": "nextup",
			"arg": "Joanna",
			"desc": "Joanna"
		},
		"ines2": {
			"country": "PT",
			"language": "pt",
			"gender": "F",
			"source": "nextup",
			"arg": "Ines",
			"desc": "Ines"
		},
		"carmen": {
			"country": "RO",
			"language": "ro",
			"gender": "F",
			"source": "nextup",
			"arg": "Carmen",
			"desc": "Carmen"
		},
		"enrique": {
			"country": "ES",
			"language": "es",
			"gender": "M",
			"source": "nextup",
			"arg": "Enrique",
			"desc": "Enrique"
		},
		"penélope": {
			"country": "US",
			"language": "es",
			"gender": "F",
			"source": "nextup",
			"arg": "Penelope",
			"desc": "Penelope"
		},
		"miguel": {
			"country": "US",
			"language": "es",
			"gender": "M",
			"source": "nextup",
			"arg": "Miguel",
			"desc": "Miguel"
		},
		"salli": {
			"country": "US",
			"language": "en",
			"gender": "F",
			"source": "nextup",
			"arg": "Salli",
			"desc": "Salli"
		},
		"joey": {
			"country": "US",
			"language": "en",
			"gender": "M",
			"source": "nextup",
			"arg": "Joey",
			"desc": "Joey"
		},
		"kendra": {
			"country": "US",
			"language": "en",
			"gender": "F",
			"source": "nextup",
			"arg": "Kendra",
			"desc": "Kendra"
		},
		"kimberly": {
			"country": "US",
			"language": "en",
			"gender": "F",
			"source": "nextup",
			"arg": "Kimberly",
			"desc": "Kimberly"
		},
		"ivy": {
			"country": "US",
			"language": "en",
			"gender": "F",
			"source": "nextup",
			"arg": "Ivy",
			"desc": "Ivy"
		},
		"justin": {
			"country": "US",
			"language": "en",
			"gender": "M",
			"source": "nextup",
			"arg": "Justin",
			"desc": "Justin"
		},
		"brian": {
			"country": "GB",
			"language": "en",
			"gender": "M",
			"source": "nextup",
			"arg": "Brian",
			"desc": "Brian"
		},
		"emma": {
			"country": "GB",
			"language": "en",
			"gender": "F",
			"source": "nextup",
			"arg": "Emma",
			"desc": "Emma"
		},
		"nicole": {
			"country": "AU",
			"language": "en",
			"gender": "F",
			"source": "nextup",
			"arg": "Nicole",
			"desc": "Nicole"
		},
		"russell": {
			"country": "AU",
			"language": "en",
			"gender": "M",
			"source": "nextup",
			"arg": "Russell",
			"desc": "Russell"
		},
		"raveena": {
			"country": "IN",
			"language": "en",
			"gender": "F",
			"source": "nextup",
			"arg": "Raveena",
			"desc": "Raveena"
		},
		"gwyneth": {
			"country": "GB",
			"language": "cy",
			"gender": "F",
			"source": "nextup",
			"arg": "Gwyneth",
			"desc": "Gwyneth"
		},
		"geraint": {
			"country": "GB",
			"language": "cy",
			"gender": "M",
			"source": "nextup",
			"arg": "Geraint",
			"desc": "Geraint"
		},
		"mads": {
			"country": "DK",
			"language": "da",
			"gender": "M",
			"source": "nextup",
			"arg": "Mads",
			"desc": "Mads"
		},
		"naja": {
			"country": "DK",
			"language": "da",
			"gender": "F",
			"source": "nextup",
			"arg": "Naja",
			"desc": "Naja"
		},
		"lotte": {
			"country": "NL",
			"language": "nl",
			"gender": "F",
			"source": "nextup",
			"arg": "Lotte",
			"desc": "Lotte"
		},
		"ruben": {
			"country": "NL",
			"language": "nl",
			"gender": "M",
			"source": "nextup",
			"arg": "Ruben",
			"desc": "Ruben"
		},
		"celine": {
			"country": "FR",
			"language": "fr",
			"gender": "F",
			"source": "nextup",
			"arg": "Celine",
			"desc": "Celine"
		},
		"mathieu": {
			"country": "FR",
			"language": "fr",
			"gender": "F",
			"source": "nextup",
			"arg": "Mathieu",
			"desc": "Mathieu"
		},
		"chantal": {
			"country": "CA",
			"language": "fr",
			"gender": "F",
			"source": "nextup",
			"arg": "Chantal",
			"desc": "Chantal"
		},
		"marlene": {
			"country": "DE",
			"language": "de",
			"gender": "F",
			"source": "nextup",
			"arg": "Marlene",
			"desc": "Marlene"
		},
		"hans": {
			"country": "DE",
			"language": "de",
			"gender": "F",
			"source": "nextup",
			"arg": "Hans",
			"desc": "Hans"
		},
		"dora": {
			"country": "IS",
			"language": "is",
			"gender": "F",
			"source": "nextup",
			"arg": "Dora",
			"desc": "Dora"
		},
		"karl": {
			"country": "IS",
			"language": "is",
			"gender": "M",
			"source": "nextup",
			"arg": "Karl",
			"desc": "Karl"
		},
		"carla": {
			"country": "IT",
			"language": "it",
			"gender": "F",
			"source": "nextup",
			"arg": "Carla",
			"desc": "Carla"
		},
		"giorgio": {
			"country": "IT",
			"language": "it",
			"gender": "M",
			"source": "nextup",
			"arg": "Giorgio",
			"desc": "Giorgio"
		},
		"ewa": {
			"country": "PL",
			"language": "pl",
			"gender": "F",
			"source": "nextup",
			"arg": "Ewa",
			"desc": "Ewa"
		},
		"jacek": {
			"country": "PL",
			"language": "pl",
			"gender": "M",
			"source": "nextup",
			"arg": "Jacek",
			"desc": "Jacek"
		},
		"maja": {
			"country": "PL",
			"language": "pl",
			"gender": "F",
			"source": "nextup",
			"arg": "Maja",
			"desc": "Maja"
		},
		"jan": {
			"country": "PL",
			"language": "pl",
			"gender": "M",
			"source": "nextup",
			"arg": "Jan",
			"desc": "Jan"
		},
		"cristiano": {
			"country": "PT",
			"language": "pt",
			"gender": "M",
			"source": "nextup",
			"arg": "Cristiano",
			"desc": "Cristiano"
		},
		"ines": {
			"country": "PT",
			"language": "pt",
			"gender": "F",
			"source": "nextup",
			"arg": "Ines",
			"desc": "Ines"
		},
		"vitoria": {
			"country": "BR",
			"language": "pt",
			"gender": "F",
			"source": "nextup",
			"arg": "Vitoria",
			"desc": "Vitoria"
		},
		"ricardo": {
			"country": "BR",
			"language": "pt",
			"gender": "M",
			"source": "nextup",
			"arg": "Ricardo",
			"desc": "Ricardo"
		},
		"tatyana": {
			"country": "RU",
			"language": "ru",
			"gender": "F",
			"source": "nextup",
			"arg": "Tatyana",
			"desc": "Tatyana"
		},
		"maxim": {
			"country": "RU",
			"language": "ru",
			"gender": "M",
			"source": "nextup",
			"arg": "Maxim",
			"desc": "Maxim"
		},
		"conchita": {
			"country": "ES",
			"language": "es",
			"gender": "F",
			"source": "nextup",
			"arg": "Conchita",
			"desc": "Conchita"
		},
		"astrid": {
			"country": "SE",
			"language": "sv",
			"gender": "F",
			"source": "nextup",
			"arg": "Astrid",
			"desc": "Astrid"
		},
		"liv": {
			"country": "NO",
			"language": "nb",
			"gender": "F",
			"source": "nextup",
			"arg": "Liv",
			"desc": "Liv"
		}
	},
	"languages": {
		"th": "Thai",
		"el": "Greek",
		"fi": "Suomi",
		"ar": "Arabic",
		"de": "German",
		"fr": "French",
		"da": "Danish",
		"en": "English",
		"es": "Spanish",
		"ca": "Catalan",
		"ru": "Russian",
		"it": "Italian",
		"tr": "Turkish",
		"zh": "Chinese",
		"ja": "Japanese",
		"ro": "Romanian",
		"no": "Norwegian",
		"va": "Valencian",
		"pt": "Portuguese",
		"eo": "Esparanto",
		"gl": "Galician",
		"sv": "Swedish",
		"ko": "Korean",
		"pl": "Polish",
		"nl": "Dutch",
		"cy": "Welsh"
	}
}
